Título,Ano,Tipo,Veículo/Instituição/Periódico,Temática Principal
The Platformization of Worker Surveillance: Materialities and Imaginaries in Teramind and Time Doctor,2024,Artigo de Periódico Internacional,"International Journal of Communication (IJoC), Vol. 18","Vigilância laboral, Bossware, Tecnografia, Teramind, Time Doctor"
Plataformização da vigilância no trabalho: uma tecnografia nas plataformas Time Doctor e Teramind,2022,Dissertação de Mestrado,Universidade do Vale do Rio dos Sinos (Unisinos),"Captura de dados, Produtividade, Monitoramento algorítmico, Racionalidade neoliberal"
Inteligência Artificial e Recursos Humanos: Impactos na Gestão de Pessoas e Proteção de Dados Pessoais dos Trabalhadores,2025,Artigo de Periódico Nacional,Revista da Escola Judicial do TRT4,"Inteligência Artificial, Recursos Humanos, LGPD, Direitos Trabalhistas"
Resenha Crítica de 'A política quântica dos engenheiros do caos' (Giuliano da Empoli),2022,Resenha Crítica,Revista Galáxia (PUC-SP),"Algoritmos de microdirecionamento, Big Data, Manipulação política"
Metaverso e Trabalho,2023,Relatório de Pesquisa,Instituto de Tecnologia e Sociedade do Rio (ITS Rio) / Laboratório diVerso,"Realidades imersivas, Metaverso, Relações laborais no Sul Global"
Reclaiming our data futures (Membro da Equipe de Pesquisa),2021,Projeto de Pesquisa Internacional,IT for Change,"Soberania de dados, Políticas públicas, América Latina"
Gupy e a plataformização dos processos de HR no Brasil,2023,Ensaio / Artigo de Opinião,DigiLabour,"Triagem algorítmica, Vieses em plataformas de recrutamento, Gupy"
Jornada do empreendedor/trabalhador de si mesmo,2020,Jogo de Simulação / Texto Interativo,Workers Game Jam / Notes From Below (Issue #12),"Gamificação, Precarização do trabalho, Motoristas de aplicativo"
"IoT, como fica a nossa privacidade?",2020,Artigo de Opinião Técnica,Privacy Tech,"Internet das Coisas (IoT), Segurança da Informação, Privacidade de dados"
